<?xml version="1.0" encoding="UTF-8"?>
<includes>
    <include name="OSDButton">
        <textureradioonfocus colordiffuse="$VAR[SkinColorVar]">$PARAM[texture]</textureradioonfocus>
        <textureradioonnofocus>$PARAM[texture]</textureradioonnofocus>
        <textureradioofffocus colordiffuse="$VAR[SkinColorVar]">$PARAM[texture]</textureradioofffocus>
        <textureradiooffnofocus>$PARAM[texture]</textureradiooffnofocus>
        <textureradioondisabled colordiffuse="disabled">$PARAM[texture]</textureradioondisabled>
        <textureradiooffdisabled colordiffuse="disabled">$PARAM[texture]</textureradiooffdisabled>
        <texturefocus>-</texturefocus>
        <width>125</width>
        <animation center="77,62" effect="zoom" end="100" reversible="false" start="95" time="200" tween="sine">Focus</animation>
        <height>123</height>
        <radiowidth>74</radiowidth>
        <radioheight>74</radioheight>
        <font>-</font>
        <texturenofocus>-</texturenofocus>
        <radioposx>0</radioposx>
        <radioposy>0</radioposy>
    </include>
    <include name="InfoDialogMetadata">
        <param name="textcolor">white</param>
        <definition>
            <control type="button" id="$PARAM[control_id]">
                <width>525</width>
                <height>45</height>
                <textoffsetx>40</textoffsetx>
                <aligny>center</aligny>
                <font>font10</font>
                <texturefocus>-</texturefocus>
                <texturenofocus>-</texturenofocus>
                <onclick>noop</onclick>
                <label>$PARAM[label]</label>
                <textcolor>$PARAM[textcolor]</textcolor>
                <visible>$PARAM[visible]</visible>
            </control>
        </definition>
    </include>
    <include name="DefaultSettingButton">
        <param name="height">63</param>
        <param name="textoffsetx">40</param>
        <definition>
            <textoffsetx>$PARAM[textoffsetx]</textoffsetx>
            <top>0</top>
            <height>$PARAM[height]</height>
            <aligny>center</aligny>
            <font>fontContextMenu</font>
            <textcolor>white</textcolor>
            <invalidcolor>invalid</invalidcolor>
            <selectedcolor>selected</selectedcolor>
            <texturefocus colordiffuse="$VAR[SkinColorVar]">lists/focus.png</texturefocus>
            <texturenofocus border="5">lists/separator.png</texturenofocus>
        </definition>
    </include>
    <include name="DefaultOSDSettingButton">
        <param name="height">63</param>
        <param name="textoffsetx">40</param>
        <definition>
            <textoffsetx>$PARAM[textoffsetx]</textoffsetx>
            <top>0</top>
            <height>$PARAM[height]</height>
            <aligny>center</aligny>
            <font>fontContextMenu</font>
            <textcolor>white</textcolor>
            <invalidcolor>invalid</invalidcolor>
            <selectedcolor>selected</selectedcolor>
            <texturefocus colordiffuse="$VAR[SkinColorVar]">buttons/button-osd-fo.png</texturefocus>
            <texturenofocus border="5">lists/separator.png</texturenofocus>
        </definition>
    </include>
    <include name="DefaultSettingLabel">
        <left>0</left>
        <top>0</top>
        <height>75</height>
        <label>-</label>
        <align>center</align>
        <aligny>center</aligny>
        <font>font12_title</font>
        <textcolor>grey</textcolor>
        <shadowcolor>black</shadowcolor>
    </include>
    <include name="SettingsItemCommon">
        <texturenofocus border="40">buttons/dialogbutton-nofo.png</texturenofocus>
        <texturefocus border="40" colordiffuse="$VAR[SkinColorVar]">buttons/dialogbutton-fo.png</texturefocus>
        <height>100</height>
        <aligny>center</aligny>
        <textoffsetx>40</textoffsetx>
        <alttexturefocus border="40" colordiffuse="$VAR[SkinColorVar]">buttons/dialogbutton-fo.png</alttexturefocus>
        <alttexturenofocus border="40">buttons/dialogbutton-nofo.png</alttexturenofocus>
    </include>
    <include name="SettingsLabelCommon">
        <height>50</height>
        <font>font12</font>
        <textoffsetx>30</textoffsetx>
        <textoffsety>10</textoffsety>
        <textcolor>$VAR[SkinColorVar]</textcolor>
        <shadowcolor>black</shadowcolor>
    </include>
    <include name="DefaultBorderedSettingButton">
        <height>100</height>
        <aligny>center</aligny>
        <textcolor>white</textcolor>
        <textoffsetx>40</textoffsetx>
        <invalidcolor>invalid</invalidcolor>
        <selectedcolor>selected</selectedcolor>
        <texturenofocus border="40">buttons/dialogbutton-nofo.png</texturenofocus>
        <texturefocus border="40" colordiffuse="$VAR[SkinColorVar]">buttons/dialogbutton-fo.png</texturefocus>
    </include>
    <include name="DefaultDialogButton">
        <param name="width">300</param>
        <param name="height">90</param>
        <param name="wrapmultiline">false</param>
        <param name="font">font12_title</param>
        <param name="onclick"></param>
        <param name="visible">true</param>
        <definition>
            <control type="button" id="$PARAM[id]">
                <width>$PARAM[width]</width>
                <height>$PARAM[height]</height>
                <label>$PARAM[label]</label>
                <font>$PARAM[font]</font>
                <textcolor>white</textcolor>
                <textoffsetx>20</textoffsetx>
                <onclick>$PARAM[onclick]</onclick>
                <wrapmultiline>$PARAM[wrapmultiline]</wrapmultiline>
                <align>center</align>
                <texturefocus border="40" colordiffuse="$VAR[SkinColorVar]">buttons/dialogbutton-fo.png</texturefocus>
                <texturenofocus border="40">buttons/dialogbutton-nofo.png</texturenofocus>
                <visible>$PARAM[visible]</visible>
            </control>
        </definition>
    </include>
    <include name="KeyboardButton">
        <width>125</width>
        <height>125</height>
        <texturefocus border="40" colordiffuse="$VAR[SkinColorVar]">buttons/dialogbutton-fo.png</texturefocus>
        <texturenofocus border="40">buttons/button-alt-nofo.png</texturenofocus>
        <align>center</align>
        <aligny>center</aligny>
        <font>font16</font>
    </include>
    <include name="PlaylistWindowButton">
        <param name="width">420</param>
        <definition>
            <control type="button" id="$PARAM[control_id]">
                <width>$PARAM[width]</width>
                <height>110</height>
                <align>left</align>
                <aligny>center</aligny>
                <font>font10</font>
                <textoffsetx>100</textoffsetx>
                <textwidth>290</textwidth>
                <label>$PARAM[label]</label>
                <selectedcolor>white</selectedcolor>
            </control>
            <control type="group" id="$PARAM[control_id]100">
                <height>0</height>
                <control type="image">
                    <left>40</left>
                    <top>-70</top>
                    <width>$PARAM[width]</width>
                    <height>48</height>
                    <aspectratio align="left">keep</aspectratio>
                    <texture>$PARAM[icon]</texture>
                </control>
            </control>
        </definition>
    </include>
    <include name="PlaylistWindowButtons">
        <param name="width">350</param>
        <definition>
            <control type="group">
                <include>OpenClose_Left</include>
                <control type="grouplist" id="700">
                    <orientation>vertical</orientation>
                    <itemgap>-9</itemgap>
                    <left>100</left>
                    <top>165</top>
                    <onup>700</onup>
                    <ondown>700</ondown>
                    <onleft>50</onleft>
                    <onright>50</onright>
                    <include content="PlaylistWindowButton">
                        <param name="control_id" value="20" />
                        <param name="onclick" value="" />
                        <param name="label" value="$LOCALIZE[191]$INFO[Playlist.Random, : ]" />
                        <param name="icon" value="osd/fullscreen/buttons/random-on-small.png" />
                        <param name="width" value="$PARAM[width]" />
                    </include>
                    <include content="PlaylistWindowButton">
                        <param name="control_id" value="26" />
                        <param name="onclick" value="" />
                        <param name="label" value="" />
                        <param name="icon" value="osd/fullscreen/buttons/repeat-all-small.png" />
                        <param name="width" value="$PARAM[width]" />
                    </include>
                    <include content="PlaylistWindowButton">
                        <param name="control_id" value="21" />
                        <param name="onclick" value="" />
                        <param name="label" value="$LOCALIZE[190]" />
                        <param name="icon" value="icons/playlist/save-small.png" />
                        <param name="width" value="$PARAM[width]" />
                    </include>
                    <include content="PlaylistWindowButton">
                        <param name="control_id" value="22" />
                        <param name="onclick" value="" />
                        <param name="label" value="$LOCALIZE[192]" />
                        <param name="icon" value="DefaultIconError-small.png" />
                        <param name="width" value="$PARAM[width]" />
                    </include>
                </control>
            </control>
        </definition>
    </include>
    <include name="BottomMainMenuItem">
        <param name="height">110</param>
        <definition>
            <control type="radiobutton" id="$PARAM[control_id]">
                <width>118</width>
                <height>$PARAM[height]</height>
                <align>center</align>
                <aligny>center</aligny>
                <onclick>$PARAM[onclick]</onclick>
                <font>-</font>
                <texturefocus border="40" colordiffuse="$VAR[SkinColorVar]">buttons/button-fo.png</texturefocus>
                <texturenofocus border="40">buttons/button-nofo.png</texturenofocus>
                <radioposx>39</radioposx>
                <radioposy>0</radioposy>
                <radiowidth>40</radiowidth>
                <radioheight>40</radioheight>
                <textureradioonfocus>$PARAM[icon]</textureradioonfocus>
                <textureradioonnofocus>$PARAM[icon]</textureradioonnofocus>
                <textureradioofffocus>$PARAM[icon]</textureradioofffocus>
                <textureradiooffnofocus>$PARAM[icon]</textureradiooffnofocus>
            </control>
        </definition>
    </include>
    <include name="VideoInfoButtonsCommon">
        <param name="width">262</param>
        <definition>
            <width>$PARAM[width]</width>
            <height>142</height>
            <align>center</align>
            <aligny>top</aligny>
            <texturefocus border="40" colordiffuse="$VAR[SkinColorVar]">buttons/button-fo.png</texturefocus>
            <texturenofocus border="40">buttons/button-nofo.png</texturenofocus>
            <textoffsetx>35</textoffsetx>
            <textoffsety>82</textoffsety>
            <radioposx>108</radioposx>
            <radioposy>18</radioposy>
            <radiowidth>48</radiowidth>
            <font>font10</font>
            <textureradioonfocus colordiffuse="D0FFFFFF">$PARAM[icon]</textureradioonfocus>
            <textureradioonnofocus colordiffuse="D0FFFFFF">$PARAM[icon]</textureradioonnofocus>
            <textureradioofffocus colordiffuse="D0FFFFFF">$PARAM[icon]</textureradioofffocus>
            <textureradiooffnofocus colordiffuse="D0FFFFFF">$PARAM[icon]</textureradiooffnofocus>
            <textureradiooffdisabled colordiffuse="disabled">$PARAM[icon]</textureradiooffdisabled>
            <textureradioondisabled colordiffuse="disabled">$PARAM[icon]</textureradioondisabled>
        </definition>
    </include>
    <include name="InfoDialogButton">
        <param name="width">262</param>
        <definition>
            <control type="radiobutton" id="$PARAM[id]">
                <width>$PARAM[width]</width>
                <height>142</height>
                <align>center</align>
                <aligny>top</aligny>
                <texturefocus border="40" colordiffuse="$VAR[SkinColorVar]">buttons/button-fo.png</texturefocus>
                <texturenofocus border="40">buttons/button-nofo.png</texturenofocus>
                <textoffsetx>35</textoffsetx>
                <textoffsety>82</textoffsety>
                <radioposx>108</radioposx>
                <radioposy>18</radioposy>
                <radiowidth>48</radiowidth>
                <font>font10</font>
                <textureradioonfocus colordiffuse="D0FFFFFF">$PARAM[icon]</textureradioonfocus>
                <textureradioonnofocus colordiffuse="D0FFFFFF">$PARAM[icon]</textureradioonnofocus>
                <textureradioofffocus colordiffuse="D0FFFFFF">$PARAM[icon]</textureradioofffocus>
                <textureradiooffnofocus colordiffuse="D0FFFFFF">$PARAM[icon]</textureradiooffnofocus>
                <textureradiooffdisabled colordiffuse="disabled">$PARAM[icon]</textureradiooffdisabled>
                <textureradioondisabled colordiffuse="disabled">$PARAM[icon]</textureradioondisabled>
                <label>$PARAM[label]</label>
                <onclick>$PARAM[onclick_1]</onclick>
                <onclick>$PARAM[onclick_2]</onclick>
                <onclick>$PARAM[onclick_3]</onclick>
                <visible>$PARAM[visible]</visible>
                <animation effect="fade" start="100" end="0" time="300" delay="300">Hidden</animation>
            </control>
        </definition>
    </include>
    <include name="InfoDialogToggleButton">
        <param name="width">262</param>
        <definition>
            <control type="radiobutton" id="$PARAM[id]">
                <width>$PARAM[width]</width>
                <height>142</height>
                <align>center</align>
                <aligny>top</aligny>
                <texturefocus border="40" colordiffuse="$VAR[SkinColorVar]">buttons/button-fo.png</texturefocus>
                <texturenofocus border="40">buttons/button-nofo.png</texturenofocus>
                <textoffsetx>35</textoffsetx>
                <textoffsety>82</textoffsety>
                <radioposx>108</radioposx>
                <radioposy>18</radioposy>
                <radiowidth>48</radiowidth>
                <font>font10</font>
                <textureradioonfocus colordiffuse="D0FFFFFF">$PARAM[icon_on]</textureradioonfocus>
                <textureradioonnofocus colordiffuse="D0FFFFFF">$PARAM[icon_on]</textureradioonnofocus>
                <textureradioofffocus colordiffuse="D0FFFFFF">$PARAM[icon_off]</textureradioofffocus>
                <textureradiooffnofocus colordiffuse="D0FFFFFF">$PARAM[icon_off]</textureradiooffnofocus>
                <textureradiooffdisabled colordiffuse="disabled">$PARAM[icon_off]</textureradiooffdisabled>
                <textureradioondisabled colordiffuse="disabled">$PARAM[icon_on]</textureradioondisabled>
                <selected>$PARAM[selected]</selected>
                <label>$PARAM[label]</label>
                <onclick>$PARAM[onclick_1]</onclick>
                <onclick>$PARAM[onclick_2]</onclick>
                <visible>$PARAM[visible]</visible>
            </control>
        </definition>
    </include>
</includes>