<settings>
    <!-- Opacity -->
    <setting id="Opacity" value="Default" label="$LOCALIZE[15109] - 21" condition="" icon="special://skin/media/DefaultAddon.png" description="$LOCALIZE[40067]21%"/>
    <setting id="Opacity" value="0" label="0" condition="" icon="special://skin/media/DefaultAddonLookAndFeel.png" description="$LOCALIZE[40067]0%"/>
    <setting id="Opacity" value="5" label="5" condition="" icon="special://skin/media/DefaultAddonLookAndFeel.png" description="$LOCALIZE[40067]5%"/>
    <setting id="Opacity" value="10" label="10" condition="" icon="special://skin/media/DefaultAddonLookAndFeel.png" description="$LOCALIZE[40067]10%"/>
    <setting id="Opacity" value="15" label="15" condition="" icon="special://skin/media/DefaultAddonLookAndFeel.png" description="$LOCALIZE[40067]15%"/>
    <setting id="Opacity" value="20" label="20" condition="" icon="special://skin/media/DefaultAddonLookAndFeel.png" description="$LOCALIZE[40067]20%"/>
    <setting id="Opacity" value="25" label="25" condition="" icon="special://skin/media/DefaultAddonLookAndFeel.png" description="$LOCALIZE[40067]25%"/>
    <setting id="Opacity" value="30" label="30" condition="" icon="special://skin/media/DefaultAddonLookAndFeel.png" description="$LOCALIZE[40067]30%"/>
    <setting id="Opacity" value="35" label="35" condition="" icon="special://skin/media/DefaultAddonLookAndFeel.png" description="$LOCALIZE[40067]35%"/>
    <setting id="Opacity" value="40" label="40" condition="" icon="special://skin/media/DefaultAddonLookAndFeel.png" description="$LOCALIZE[40067]40%"/>
    <setting id="Opacity" value="45" label="45" condition="" icon="special://skin/media/DefaultAddonLookAndFeel.png" description="$LOCALIZE[40067]45%"/>
    <setting id="Opacity" value="50" label="50" condition="" icon="special://skin/media/DefaultAddonLookAndFeel.png" description="$LOCALIZE[40067]50%"/>
    <setting id="Opacity" value="55" label="55" condition="" icon="special://skin/media/DefaultAddonLookAndFeel.png" description="$LOCALIZE[40067]55%"/>
    <setting id="Opacity" value="60" label="60" condition="" icon="special://skin/media/DefaultAddonLookAndFeel.png" description="$LOCALIZE[40067]60%"/>
    <setting id="Opacity" value="65" label="65" condition="" icon="special://skin/media/DefaultAddonLookAndFeel.png" description="$LOCALIZE[40067]65%"/>
    <setting id="Opacity" value="70" label="70" condition="" icon="special://skin/media/DefaultAddonLookAndFeel.png" description="$LOCALIZE[40067]70%"/>
    <setting id="Opacity" value="75" label="75" condition="" icon="special://skin/media/DefaultAddonLookAndFeel.png" description="$LOCALIZE[40067]75%"/>
    <setting id="Opacity" value="80" label="80" condition="" icon="special://skin/media/DefaultAddonLookAndFeel.png" description="$LOCALIZE[40067]80%"/>
    <setting id="Opacity" value="85" label="85" condition="" icon="special://skin/media/DefaultAddonLookAndFeel.png" description="$LOCALIZE[40067]85%"/>
    <setting id="Opacity" value="90" label="90" condition="" icon="special://skin/media/DefaultAddonLookAndFeel.png" description="$LOCALIZE[40067]90%"/>
    <setting id="Opacity" value="95" label="95" condition="" icon="special://skin/media/DefaultAddonLookAndFeel.png" description="$LOCALIZE[40067]95%"/>
    <setting id="Opacity" value="100" label="100" condition="" icon="special://skin/media/DefaultAddonLookAndFeel.png" description="$LOCALIZE[40067]100%"/>
    
    <!-- Hide Bars -->
    <setting id="HideBars" value="Never" label="$LOCALIZE[40068]" condition="" icon="special://skin/media/dialogs/settings/Bars-Never.png" description="$LOCALIZE[40061]"/>
    <setting id="HideBars" value="Library" label="$LOCALIZE[40069]" condition="" icon="special://skin/media/dialogs/settings/Bars-Library.png" description="$LOCALIZE[40072]"/>
    <setting id="HideBars" value="Everywhere" label="$LOCALIZE[40070]" condition="" icon="special://skin/media/dialogs/settings/Bars-Always.png" description="$LOCALIZE[40073]"/>
    
    <!-- Popup Position -->
    <setting id="PopupPosition" value="BottomCenter" label="$LOCALIZE[40196]" condition="" icon="special://skin/media/dialogs/settings/PopupNotification-BottomCenter.png" description=""/>
    <setting id="PopupPosition" value="BottomRight" label="$LOCALIZE[40197]" condition="" icon="special://skin/media/dialogs/settings/PopupNotification-BottomRight.png" description=""/>
    <setting id="PopupPosition" value="BottomLeft" label="$LOCALIZE[40198]" condition="" icon="special://skin/media/dialogs/settings/PopupNotification-BottomLeft.png" description=""/>
    <setting id="PopupPosition" value="TopCenter" label="$LOCALIZE[40199]" condition="" icon="special://skin/media/dialogs/settings/PopupNotification-TopCenter.png" description=""/>
    <setting id="PopupPosition" value="TopRight" label="$LOCALIZE[40200]" condition="" icon="special://skin/media/dialogs/settings/PopupNotification-TopRight.png" description=""/>
    <setting id="PopupPosition" value="TopLeft" label="$LOCALIZE[40201]" condition="" icon="special://skin/media/dialogs/settings/PopupNotification-TopLeft.png" description=""/>

</settings>