<?xml version="1.0" encoding="utf-8"?>
<window type="dialog" id="1102">
    <defaultcontrol always="true">1000</defaultcontrol>
    <include>Animation_DialogPopupOpenClose</include>
    <controls>
        <control type="group">
            <left>260</left>
            <top>150</top>
            <include content="DialogBackgroundCommons">
                <param name="DialogBackgroundWidth" value="1400" />
                <param name="DialogBackgroundHeight" value="770" />
                <param name="DialogHeaderLabel" value="$INFO[Window(home).Property(TextViewer_Header)]" />
                <param name="DialogHeaderId" value="1" />
            </include>
            <control type="textbox" id="2000">
                <left>40</left>
                <top>85</top>
                <width>1320</width>
                <height>670</height>
                <shadowcolor>black</shadowcolor>
                <pagecontrol>3000</pagecontrol>
                <font>font16</font>
                <label>$INFO[Window(home).Property(TextViewer_Text)]</label>
            </control>
            <control type="scrollbar" id="3000">
                <include>HiddenObject</include>
                <ondown>3000</ondown>
                <onup>3000</onup>
            </control>
        </control>
        <control type="button" id="1000">
            <include>HiddenObject</include>
            <onclick>Action(Close)</onclick>
            <onup>PageUp(3000)</onup>
            <ondown>PageDown(3000)</ondown>
        </control>
        <control type="button">
            <left>936</left>
            <top>113</top>
            <width>48</width>
            <height>20</height>
            <onclick>SetFocus(3000)</onclick>
            <onclick>Up</onclick>
            <texturefocus colordiffuse="$VAR[SkinColorVar]" flipy="true">overlays/arrowdown.png</texturefocus>
            <texturenofocus colordiffuse="$VAR[SkinColorVar]" flipy="true">overlays/arrowdown.png</texturenofocus>
            <visible>Control.IsVisible(3000) + Integer.IsGreater(Container(2000).CurrentPage,1)</visible>
            <animation delay="80" effect="fade" time="120">VisibleChange</animation>
        </control>
        <control type="button">
            <left>936</left>
            <top>940</top>
            <width>48</width>
            <height>20</height>
            <onclick>SetFocus(3000)</onclick>
            <onclick>Down</onclick>
            <texturefocus colordiffuse="$VAR[SkinColorVar]">overlays/arrowdown.png</texturefocus>
            <texturenofocus colordiffuse="$VAR[SkinColorVar]">overlays/arrowdown.png</texturenofocus>
            <visible>Control.IsVisible(3000) + !String.IsEqual(Container(2000).CurrentPage,Container(2000).NumPages)</visible>
            <animation delay="80" effect="fade" time="120">VisibleChange</animation>
        </control>
    </controls>
</window>