<?xml version="1.0" encoding="utf-8"?>
<window>
    <defaultcontrol always="true">5</defaultcontrol>
    <onunload>ClearProperty(AdditionalInfo)</onunload>
    <controls>
        <!--fake list used as container -->
        <!-- use Container(999).ListItem to get all info -->
        <!-- all normal listitem properties will be available -->
        <control type="list" id="999">
            <posx>630</posx>
            <posy>0</posy>
            <itemlayout />
            <focusedlayout />
        </control>
        <!-- include list/container with ID 998 for cast list -->
        <!-- include list/container with ID 997 for similar list -->
        <control type="group">
            <animation type="WindowOpen">
                <effect type="slide" start="1200" end="0" time="250" tween="cubic" easing="inout" />
            </animation>
            <animation type="WindowClose">
                <effect type="slide" start="0" end="1200" time="250" tween="cubic" easing="inout" />
            </animation>
            <!--Panel-->
            <control type="image">
                <posx>630</posx>
                <centertop>50%</centertop>
                <width>1290</width>
                <height>1025</height>
                <texture>dialogs/dialog-bg-solid.png</texture>
            </control>
            <control type="image">
                <posx>630</posx>
                <posy>27.5</posy>
                <width>1290</width>
                <height>70</height>
                <texture colordiffuse="$VAR[SkinColorVar]" border="2">colors/white70.png</texture>
            </control>
            <!--Header-->
            <control type="label">
                <description>Heading</description>
                <posx>700</posx>
                <posy>23</posy>
                <width>1200</width>
                <font>font35_title</font>
                <textcolor>white</textcolor>
                <shadowcolor>black</shadowcolor>
                <align>left</align>
                <height>100</height>
                <scroll>yes</scroll>
                <label>$INFO[Container(999).ListItem.Label]</label>
            </control>
            <!-- subtitle -->
            <control type="label" id="189">
                <posx>700</posx>
                <posy>110</posy>
                <width>800</width>
                <align>left</align>
                <textcolor>white</textcolor>
                <label>$INFO[Container(999).ListItem.Tagline]</label>
            </control>
            <control type="image">
                <posx>680</posx>
                <posy>210</posy>
                <width>800</width>
                <height>245</height>
                <aspectratio>stretch</aspectratio>
                <texture border="15">dialogs/white.png</texture>
                <animation effect="fade" reversible="false" end="80" time="0" condition="true">Conditional</animation>
                <colordiffuse>FF3e3e3e</colordiffuse>
            </control>
            <!--Icon-->
            <control type="group">
                <right>45</right>
                <posy>110</posy>
                <width>297</width>
                <control type="image">
                    <width>297</width>
                    <height>390</height>
                    <bordersize>-6</bordersize>
                    <texture border="0" colordiffuse="FF3e3e3e">dialogs/white.png</texture>
                </control>
                <control type="image">
                    <width>297</width>
                    <height>390</height>
                    <texture border="1" background="true" fallback="DefaultVideoCover.png">$VAR[PosterVar]</texture>
                    <aspectratio scalediffuse="true" aligny="bottom" align="center">stretch</aspectratio>
                    <bordersize>0</bordersize>
                </control>
            </control>
            <control type="grouplist">
                <posx>680</posx>
                <posy>220</posy>
                <control type="group">
                    <height>60</height>
                    <control type="label">
                        <description>Director</description>
                        <posx>20</posx>
                        <width>760</width>
                        <height>60</height>
                        <align>left</align>
                        <label>$LOCALIZE[20339] : [COLOR white]$INFO[Container(999).ListItem.Director][/COLOR]</label>
                        <textcolor>$VAR[SkinColorVar]</textcolor>
                        <visible>!String.IsEqual(Container(999).ListItem.Property(type),tvshow)</visible>
                    </control>
                    <control type="label">
                        <description>Studio</description>
                        <posx>20</posx>
                        <width>760</width>
                        <height>60</height>
                        <align>left</align>
                        <label>$LOCALIZE[572] : [COLOR white]$INFO[Container(999).ListItem.Studio][/COLOR]</label>
                        <textcolor>$VAR[SkinColorVar]</textcolor>
                        <visible>String.IsEqual(Container(999).ListItem.Property(type),tvshow)</visible>
                    </control>
                </control>
                <control type="group">
                    <height>60</height>
                    <visible>!String.IsEqual(Container(999).ListItem.Property(type),episode)</visible>
                    <control type="label">
                        <description>Genre</description>
                        <posx>20</posx>
                        <width>760</width>
                        <height>60</height>
                        <align>left</align>
                        <label>$LOCALIZE[515] : [COLOR white]$INFO[Container(999).ListItem.Genre][/COLOR]</label>
                        <textcolor>$VAR[SkinColorVar]</textcolor>
                    </control>
                </control>
                <control type="group">
                    <height>60</height>
                    <control type="label">
                        <description>Year</description>
                        <posx>20</posx>
                        <width>760</width>
                        <height>60</height>
                        <align>left</align>
                        <label>$LOCALIZE[562] : [COLOR white]$INFO[Container(999).ListItem.Year][/COLOR]</label>
                        <textcolor>$VAR[SkinColorVar]</textcolor>
                        <visible>String.IsEqual(Container(999).ListItem.Property(type),movie)</visible>
                    </control>
                    <control type="label">
                        <description>First Aired</description>
                        <posx>20</posx>
                        <width>760</width>
                        <height>60</height>
                        <align>left</align>
                        <label>$LOCALIZE[20416] : [COLOR white]$INFO[Container(999).ListItem.Premiered][/COLOR]</label>
                        <textcolor>$VAR[SkinColorVar]</textcolor>
                        <visible>!String.IsEqual(Container(999).ListItem.Property(type),movie)</visible>
                    </control>
                </control>
                <control type="group">
                    <height>60</height>
                    <control type="label">
                        <description>Rating</description>
                        <posx>20</posx>
                        <width>760</width>
                        <height>60</height>
                        <align>left</align>
                        <label>$LOCALIZE[563] : [COLOR white]$INFO[Container(999).ListItem.Rating][/COLOR]</label>
                        <textcolor>$VAR[SkinColorVar]</textcolor>
                    </control>
                </control>
            </control>
            <control type="image">
                <posx>680</posx>
                <posy>516</posy>
                <width>1200</width>
                <height>390</height>
                <aspectratio>stretch</aspectratio>
                <texture border="15">dialogs/white.png</texture>
                <animation effect="fade" reversible="false" end="80" time="0" condition="true">Conditional</animation>
                <colordiffuse>FF3e3e3e</colordiffuse>
            </control>
            <control type="textbox">
                <description>Plot</description>
                <posx>700</posx>
                <posy>526</posy>
                <width>1160</width>
                <height>370</height>
                <align>justify</align>
                <pagecontrol>60</pagecontrol>
                <autoscroll delay="10000" time="4000" repeat="10000">Skin.HasSetting(autoscroll)</autoscroll>
                <label fallback="19055">$INFO[Container(999).ListItem.Plot]</label>
                <textcolor>white</textcolor>
                <visible>String.IsEmpty(Window.Property(AdditionalInfo))</visible>
            </control>
            <!-- cast list -->
            <control type="list" id="998">
                <description>Cast</description>
                <posx>700</posx>
                <posy>521</posy>
                <width>1160</width>
                <height>380</height>
                <onup>noop</onup>
                <ondown>9000</ondown>
                <onleft>9000</onleft>
                <onright>9000</onright>
                <orientation>vertical</orientation>
                <scrolltime>200</scrolltime>
                <visible>String.IsEqual(Window.Property(AdditionalInfo),cast)</visible>
                <itemlayout height="42">
                    <control type="label">
                        <posx>0</posx>
                        <width>810</width>
                        <textcolor>ffffffff</textcolor>
                        <info>ListItem.Label</info>
                    </control>
                </itemlayout>
                <focusedlayout height="42">
                    <control type="label">
                        <posx>0</posx>
                        <width>810</width>
                        <textcolor>$VAR[SkinColorVar]</textcolor>
                        <label>$INFO[ListItem.Label]</label>
                    </control>
                </focusedlayout>
            </control>
            <!-- similar list -->
            <control type="list" id="997">
                <description>Similar Media</description>
                <posx>700</posx>
                <posy>521</posy>
                <width>1160</width>
                <height>380</height>
                <onup>noop</onup>
                <ondown>9000</ondown>
                <onleft>9000</onleft>
                <onright>9000</onright>
                <orientation>vertical</orientation>
                <scrolltime>200</scrolltime>
                <visible>String.IsEqual(Window.Property(AdditionalInfo),similar)</visible>
                <itemlayout height="42">
                    <control type="label">
                        <posx>0</posx>
                        <width>810</width>
                        <textcolor>ffffffff</textcolor>
                        <info>ListItem.Label</info>
                    </control>
                </itemlayout>
                <focusedlayout height="42">
                    <control type="label">
                        <posx>0</posx>
                        <width>810</width>
                        <textcolor>$VAR[SkinColorVar]</textcolor>
                        <label>$INFO[ListItem.Label]</label>
                    </control>
                </focusedlayout>
            </control>
            <!--Button Group-->
            <control type="grouplist" id="9000">
                <posx>660</posx>
                <posy>908</posy>
                <orientation>horizontal</orientation>
                <itemgap>-16</itemgap>
                <defaultcontrol>5</defaultcontrol>
                <onup>50</onup>
                <control type="radiobutton" id="5">
                    <width>262</width>
                    <height>142</height>
                    <align>center</align>
                    <aligny>top</aligny>
                    <texturefocus border="40" colordiffuse="$VAR[SkinColorVar]">buttons/dialogbutton-fo.png</texturefocus>
                    <texturenofocus border="40">buttons/dialogbutton-nofo.png</texturenofocus>
                    <textoffsetx>35</textoffsetx>
                    <textoffsety>78</textoffsety>
                    <radioposx>108</radioposx>
                    <radioposy>13</radioposy>
                    <radiowidth>48</radiowidth>
                    <font>font12</font>
                    <label>208</label>
                    <textureradioonfocus colordiffuse="D0FFFFFF">icons/infodialogs/play.png</textureradioonfocus>
                    <textureradioonnofocus colordiffuse="D0FFFFFF">icons/infodialogs/play.png</textureradioonnofocus>
                    <textureradioofffocus colordiffuse="D0FFFFFF">icons/infodialogs/play.png</textureradioofffocus>
                    <textureradiooffnofocus colordiffuse="D0FFFFFF">icons/infodialogs/play.png</textureradiooffnofocus>
                </control>
                <control type="radiobutton" id="6">
                    <width>262</width>
                    <height>142</height>
                    <align>center</align>
                    <aligny>top</aligny>
                    <texturefocus border="40" colordiffuse="$VAR[SkinColorVar]">buttons/dialogbutton-fo.png</texturefocus>
                    <texturenofocus border="40">buttons/dialogbutton-nofo.png</texturenofocus>
                    <textoffsetx>35</textoffsetx>
                    <textoffsety>78</textoffsety>
                    <radioposx>108</radioposx>
                    <radioposy>13</radioposy>
                    <radiowidth>48</radiowidth>
                    <font>font12</font>
                    <label>20410</label>
                    <textureradioonfocus colordiffuse="D0FFFFFF">icons/infodialogs/trailer.png</textureradioonfocus>
                    <textureradioonnofocus colordiffuse="D0FFFFFF">icons/infodialogs/trailer.png</textureradioonnofocus>
                    <textureradioofffocus colordiffuse="D0FFFFFF">icons/infodialogs/trailer.png</textureradioofffocus>
                    <textureradiooffnofocus colordiffuse="D0FFFFFF">icons/infodialogs/trailer.png</textureradiooffnofocus>
                    <onclick>PlayMedia($ESCINFO[Container(999).ListItem.Trailer])</onclick>
                    <onclick>dialog.close(all,true)</onclick>
                    <visible>!String.IsEmpty(Container(999).ListItem.Trailer)</visible>
                </control>
                <control type="radiobutton" id="7">
                    <onup>998</onup>
                    <width>262</width>
                    <height>142</height>
                    <align>center</align>
                    <aligny>top</aligny>
                    <texturefocus border="40" colordiffuse="$VAR[SkinColorVar]">buttons/dialogbutton-fo.png</texturefocus>
                    <texturenofocus border="40">buttons/dialogbutton-nofo.png</texturenofocus>
                    <textoffsetx>35</textoffsetx>
                    <textoffsety>78</textoffsety>
                    <radioposx>108</radioposx>
                    <radioposy>13</radioposy>
                    <radiowidth>48</radiowidth>
                    <font>font12</font>
                    <label>206</label>
                    <textureradioonfocus colordiffuse="D0FFFFFF">icons/infodialogs/cast.png</textureradioonfocus>
                    <textureradioonnofocus colordiffuse="D0FFFFFF">icons/infodialogs/cast.png</textureradioonnofocus>
                    <textureradioofffocus colordiffuse="D0FFFFFF">icons/infodialogs/cast.png</textureradioofffocus>
                    <textureradiooffnofocus colordiffuse="D0FFFFFF">icons/infodialogs/cast.png</textureradiooffnofocus>
                    <onclick>SetProperty(AdditionalInfo, cast)</onclick>
                    <visible>Integer.IsGreater(Container(998).NumItems,0)</visible>
                </control>
                <control type="radiobutton" id="8">
                    <onup>997</onup>
                    <width>262</width>
                    <height>142</height>
                    <align>center</align>
                    <aligny>top</aligny>
                    <texturefocus border="40" colordiffuse="$VAR[SkinColorVar]">buttons/dialogbutton-fo.png</texturefocus>
                    <texturenofocus border="40">buttons/dialogbutton-nofo.png</texturenofocus>
                    <textoffsetx>35</textoffsetx>
                    <textoffsety>78</textoffsety>
                    <radioposx>108</radioposx>
                    <radioposy>13</radioposy>
                    <radiowidth>48</radiowidth>
                    <font>font12</font>
                    <label>40059</label>
                    <textureradioonfocus colordiffuse="D0FFFFFF">icons/infodialogs/similar.png</textureradioonfocus>
                    <textureradioonnofocus colordiffuse="D0FFFFFF">icons/infodialogs/similar.png</textureradioonnofocus>
                    <textureradioofffocus colordiffuse="D0FFFFFF">icons/infodialogs/similar.png</textureradioofffocus>
                    <textureradiooffnofocus colordiffuse="D0FFFFFF">icons/infodialogs/similar.png</textureradiooffnofocus>
                    <onclick>SetProperty(AdditionalInfo, similar)</onclick>
                    <visible>Integer.IsGreater(Container(997).NumItems,0)</visible>
                </control>
            </control>
        </control>
    </controls>
</window>