<?xml version="1.0" encoding="UTF-8"?>
<includes>
    <include name="View_501_Banner">
        <include content="UpDownArrows">
            <param name="container_id" value="501" />
            <param name="visible" value="!System.HasModalDialog" />
        </include>
        <control type="group">
            <include>OpenClose_Right</include>
            <left>100</left>
            <top>167</top>
            <visible>Control.IsVisible(501)</visible>
            <include>Visible_Right</include>
            <control type="panel" id="501">
                <left>0</left>
                <top>0</top>
                <width>1800</width>
                <height>732</height>
                <onleft condition="!Skin.HasSetting(KioskMode)">9000</onleft>
                <onright>531</onright>
                <onup>501</onup>
                <ondown>501</ondown>
                <viewtype label="20020">wide</viewtype>
                <preloaditems>2</preloaditems>
                <pagecontrol>531</pagecontrol>
                <scrolltime tween="cubic" easing="out">500</scrolltime>
                <visible>Container.Content(tvshows)</visible>
                <itemlayout height="183" width="900">
                    <control type="image">
                        <left>1</left>
                        <top>15</top>
                        <width>820</width>
                        <height>155</height>
                        <texture border="2" fallback="DefaultVideoCover.png" background="true">$VAR[BannerArtVar]</texture>
                        <aspectratio aligny="center">scale</aspectratio>
                        <bordertexture colordiffuse="border_alpha">colors/black.png</bordertexture>
                        <bordersize>4</bordersize>
                    </control>
                    <control type="group">
                        <left>770</left>
                        <top>20</top>
                        <include>UserRatingCircle</include>
                    </control>
                </itemlayout>
                <focusedlayout height="183" width="900">
                    <control type="group">
                        <animation effect="slide" start="0,0" end="-37,0" time="300">Focus</animation>
                        <animation effect="slide" start="-37,0" end="0,0" time="125">UnFocus</animation>
                        <control type="image">
                            <left>1</left>
                            <top>15</top>
                            <width>820</width>
                            <height>155</height>
                            <texture border="2" fallback="DefaultVideoCover.png" background="true">$VAR[BannerArtVar]</texture>
                            <aspectratio aligny="center">scale</aspectratio>
                            <bordertexture colordiffuse="border_alpha">colors/black.png</bordertexture>
                            <bordersize>4</bordersize>
                        </control>
                        <control type="group">
                            <left>770</left>
                            <top>20</top>
                            <include>UserRatingCircle</include>
                        </control>
                        <control type="image">
                            <left>1</left>
                            <top>15</top>
                            <width>820</width>
                            <height>155</height>
                            <texture border="8" colordiffuse="$VAR[SkinColorVar]">buttons/thumbnail_focused.png</texture>
                        </control>
                        <control type="group">
                            <animation type="Focus">
                                <effect type="fade" start="0" end="100" time="300" />
                            </animation>
                            <animation effect="fade" start="100" end="0" time="0">UnFocus</animation>
                            <control type="image">
                                <left>5</left>
                                <top>126</top>
                                <width>812</width>
                                <height>40</height>
                                <texture>colors/black.png</texture>
                                <animation effect="fade" start="0" end="70" time="50">Focus</animation>
                            </control>
                            <control type="image">
                                <left>15</left>
                                <top>127</top>
                                <width>40</width>
                                <height>40</height>
                                <texture>$VAR[ListWatchedIconVar]</texture>
                            </control>
                            <control type="label">
                                <left>60</left>
                                <top>136</top>
                                <width>800</width>
                                <height>20</height>
                                <font>font12</font>
                                <aligny>center</aligny>
                                <label>$INFO[ListItem.Label]</label>
                            </control>
                            <control type="image">
                                <right>93</right>
                                <top>135</top>
                                <width>22</width>
                                <height>22</height>
                                <texture>lists/played-total.png</texture>
                                <visible>String.IsEqual(Listitem.dbtype,tvshow) + !String.IsEmpty(ListItem.Property(TotalEpisodes))</visible>
                            </control>
                            <control type="label">
                                <right>123</right>
                                <top>136</top>
                                <width>800</width>
                                <height>20</height>
                                <font>font12</font>
                                <textcolor>$VAR[SkinColorVar]</textcolor>
                                <align>right</align>
                                <aligny>center</aligny>
                                <label>$VAR[BannerLabel2Var]</label>
                            </control>
                        </control>
                    </control>
                    <control type="image">
                        <right>39</right>
                        <top>15</top>
                        <width>70</width>
                        <height>155</height>
                        <texture colordiffuse="$VAR[SkinColorVar]">colors/white.png</texture>
                        <animation effect="zoom" start="0,100" end="100,100" time="250" center="auto">Focus</animation>
                        <animation effect="zoom" start="100,100" end="0,100" time="125" center="auto" delay="50">UnFocus</animation>
                    </control>
                    <control type="group">
                        <animation effect="fade" start="0" end="100" time="200" delay="250">Focus</animation>
                        <animation effect="fade" start="100" end="0" time="50">UnFocus</animation>
                        <top>13</top>
                        <right>0</right>
                        <include content="SmallThumbInfoFlag">
                            <param name="icon" value="lists/rating.png" />
                            <param name="infolabel" value="ListItem.Rating" />
                            <param name="posy" value="10" />
                            <param name="right" value="-3" />
                        </include>
                        <include content="SmallThumbInfoFlag">
                            <param name="icon" value="lists/year.png" />
                            <param name="infolabel" value="ListItem.Year" />
                            <param name="posy" value="90" />
                            <param name="right" value="-3" />
                        </include>
                    </control>
                </focusedlayout>
            </control>
        </control>
    </include>
</includes>